Name,Strand,Frame, Length, Amino acid sequence
NC_000079.7:63112707-63473910, 1, 0, 112, MVSQDLPRVRYVTRCGVLFCFGVVGVCVCVCVCVCVCVCVCGVCVCVCVCVYFPDSRALWCLSLGCPSRYFERGENHRTDSCVYLALAQVETHCLASHPSKNKLFRCSGCFQ
NC_000079.7:63112707-63473910, 1, 0, 100, MDECSAACTPACQKRASDPFVDGHKQPCGCWELNSEPLEEQPVLLSTDLSLAPWSTFLRHLCGTYVVLSLLLLFPNIFFELHNEHNHMALAFICNFQVLY
NC_000079.7:63112707-63473910, 1, 1, 183, MYHIFCIHSSVEGHLGSFQLLAIINKAAMNIVEHVSFLPVGASSGYMPRRGIAGSSGSTISSFLRNRQTDFQSGCTSLQSHQQWRSVPLSPHPCQHLLSPEFLILAILTGVRWNLRVVLICISLMIKDVEHFFRCFSAIRYSSGENSLFSSEPHFLMGLFDFLKSTFLSSLYMLDISPLSDLG
NC_000079.7:63112707-63473910, 1, 1, 124, MSVFPSLSPASPSLSDSAYCVCTGAIHWSMDNLSGAPFLIVYSPSSSSLLLPMASQIEVGLLPLPLLNIDFIHDGLTLYSSCTIKTIHILYLDFSLSAHPRSSLCSTHLTLSSFSLLKQNKTKP
NC_000079.7:63112707-63473910, 1, 1, 136, MLSYPLTSLPGSLCHTHTGNAIPCVCLPIRVKLSSTHSFRVGTRELHILPPPFHPPLGAPSSHPFPPFLGVPTSPIPSSLERSILPSSLPSWDTPSRNYPFYYKSIPSVDPPFLLNPLFVPASSLCVLDTITRPCP
NC_000079.7:63112707-63473910, 1, 2, 101, MYHIFSTHYSAEGHPGSFQLLAIIYKAAKIVVENLFFTYVGICFEYMPTSGIAGSSGSTMSKFLRNQKTDFQSVPTCIPTNNGGVFLFLHILTSICCHLSF
NC_000079.7:63112707-63473910, 1, 2, 103, MYHIFCIHSSVEGHLGSFQLLAIINKAAMNIVEHVSFLLVGTSSGYMSRRGIAASSGSTMSNFLRNHQTDFQSGCTSLQSHQQWRSVSFFLMVNFTSLKSLKD
NC_000079.7:63112707-63473910, -1, 1, 144, MYHIFCIHSSVEGHLGSFQLLAIINKAAMNIVEHVPFLPVGTSSGYMPRSGIAVSSGSTMSNFLRNHQTDFQSGCISLQPHQQWRSVPCSPHPRQHLLSPEFLILAILTGVRWNLRVVSIFISLMIKDAEHFFRCFRCHLIFLS
NC_000079.7:63112707-63473910, -1, 2, 100, MELSLLRKETSLFNRCIHYRKPQLGPPMEELEKVPKELKGSATLLVEQQYELPPELMSLAAYVAEDGLAGHHWEERPLGLANFICLSKGEHQGQEVGVGG
NC_000079.7:63112707-63473910, -1, 2, 114, MTCGSFLSLTVSRSWIQFILQFLVGKLPFRPHHGFRVPASCSLLACGLQPACQVTAPWNFLDCIFLKEALPYNLVTTKVCFVKTNQKTLQNCKILNPRDYSSRTDRKTLKVREY
NG_027833.1:5001-365550, 1, 2, 107, MGHLVLCPHHYNIKLLGCLPWNDNQGPEIALMLFVLVKISVYQQLKSFMTKESCSTGGVFIPQVTEAFCLLSGRLALWLASIFLFGYVEWKSFLKSGNSFSKSEHEP
NG_027833.1:5001-365550, 1, 2, 130, MFGEQTFWKIAFSHILFIFGTATPPPTCGGFYLPLCVCVCVCVCVCVCEREILLLHQGMDESGPFLLLQVVTSLVFFWRIYNKPHSLSAKLFKTRPARATDSHHVPSFRGTVEHPHVHVPTLPDTTPALS
NG_027833.1:5001-365550, -1, 0, 246, MLLPQQVPAGCRGRRNPEDGKLIALKDKKSPQATPPILREQTPIPLMESKFTFFFLRRSFPLVAQAGVQWHDLSSPQPQPPRFKRFSCLSLLSSWDYRHAPPRPANFVFLVEMGFLHIGQAGLKLQPQVIRPPPLKLPTSGDPPTSASQSARITGMSHCAWPQVYFSHRSLGGIIQTYIYQAGTSYGFNAFHNFNMCSPISHDRDKGRPERGGNQAHCPLKSSRIDSSKGLIIMSSSFCLCDFITC
NG_027833.1:5001-365550, -1, 0, 113, MDCLFDNFFFLRWSLTLLPTLECSGAISTHCNLHFPGSSNSSASASQVVGTTGTHHHTRLIFVFLVEIGFHHVYQAALKLLTSSDLPTSASQTAGIRGISHCAQPCSIKSNFI
NG_027833.1:5001-365550, -1, 1, 162, MEELLHNIHSPPTLPASQPIISSLYPALQAWWEGGDVWRERERQRQRERERDRESVCVCVCVCTKGTTKSTNLPAATSTCASPSLIVGKPSVCSSKTHFTPIVDPHPPTTSINMVTAIIHYPLHSHQLHSFIHSFRDRVLLCHPGWRAVAPSLAHCSLNLLG
NG_027833.1:5001-365550, -1, 2, 101, MHAYLHTDIIVVKSRNVYFTVPDMADSVFMEGKNTMKQKLKAHTHPLRKASERQTSDFSQQRIKVPLPWNSDLEKDQGRGGGQLVMAPVILKGDKNHEEQY
NC_030677.2:135462013-135661972, 1, 2, 103, MCSHIKSSSCILQHFCLPLLSLQTMGLAPYQLVFILINISLCSETFGPLLFLSLFRFQPFILPALHFLVPFLGRWQRGRLVGHDKSLLPWVTIFPKMPFHLQE
